url,software,license,type
https://dwsim.org/wiki/index.php?title=Advanced_EOS_Library,DWSIM,GPL-3.0,Technical Wiki
https://dwsim.org/wiki/index.php?title=Aqueous_Electrolytes_Property_Package,DWSIM,GPL-3.0,Technical Wiki
https://dwsim.org/wiki/index.php?title=Black-Oil_Simulations,DWSIM,GPL-3.0,Technical Wiki
https://dwsim.org/wiki/index.php?title=CAPE-OPEN,DWSIM,GPL-3.0,Technical Wiki
https://dwsim.org/wiki/index.php?title=Capital_Cost_Estimator,DWSIM,GPL-3.0,Technical Wiki
https://dwsim.org/wiki/index.php?title=Command_Line_Mode,DWSIM,GPL-3.0,Technical Wiki
https://dwsim.org/wiki/index.php?title=DTL,DWSIM,GPL-3.0,Technical Wiki
https://dwsim.org/wiki/index.php?title=DWSIM,DWSIM,GPL-3.0,Technical Wiki
https://dwsim.org/wiki/index.php?title=Dynamic_Simulation_Tutorial_with_DWSIM_and_Python,_Part_1,DWSIM,GPL-3.0
https://dwsim.org/wiki/index.php?title=Dynamic_Simulation_Tutorial_with_DWSIM_and_Python,_Part_2,DWSIM,GPL-3.0
https://dwsim.org/wiki/index.php?title=Dynamic_Simulation_Tutorial_with_DWSIM_and_Python,_Part_3,DWSIM,GPL-3.0
https://dwsim.org/wiki/index.php?title=Dynamic_Simulation_Tutorial_with_DWSIM_and_Python,_Part_4,DWSIM,GPL-3.0
https://dwsim.org/wiki/index.php?title=Excel_Add-In_for_Thermodynamic_Calculations,DWSIM,GPL-3.0,Technical Wiki
https://dwsim.org/wiki/index.php?title=Mobile_Compatibility_Mode,DWSIM,GPL-3.0,Technical Wiki
https://dwsim.org/wiki/index.php?title=Neural_Network_Unit_Operation,DWSIM,GPL-3.0,Technical Wiki
https://dwsim.org/wiki/index.php?title=OPC_Client_Plugin,DWSIM,GPL-3.0,Technical Wiki
https://dwsim.org/wiki/index.php?title=Object_Property_Codes,DWSIM,GPL-3.0,Technical Wiki
https://dwsim.org/wiki/index.php?title=Pipe_Network_Unit_Operation,DWSIM,GPL-3.0,Technical Wiki
https://dwsim.org/wiki/index.php?title=Property_Methods_and_Correlation_Profiles,DWSIM,GPL-3.0,Technical Wiki
https://dwsim.org/wiki/index.php?title=ThermoC_Bridge_Library,DWSIM,GPL-3.0,Technical Wiki
https://dwsim.org/wiki/index.php?title=Voice_Commander_Extension,DWSIM,GPL-3.0,Technical Wiki
https://dwsim.org/wiki/index.php?title=OPC_UA_Client,DWSIM,GPL-3.0,Technical Wiki
https://dwsim.org/wiki/index.php?title=Standalone_Thermo_Library,DWSIM,GPL-3.0,Technical Wiki
https://dwsim.org/wiki/index.php?title=Standalone_Thermo,DWSIM,GPL-3.0,Technical Wiki
https://dwsim.org/wiki/index.php?title=Aqueous_Electrolytes,DWSIM,GPL-3.0,Technical Wiki
https://dwsim.org/wiki/index.php?title=Property_Package,DWSIM,GPL-3.0,Technical Wiki
http://dwsim.fossee.in/textbook-companion/completed-books,DWSIM,CC-BY-SA,Solved Problems
https://www.modeladoeningenieria.edu.ar/index.php/descargas/dwsim,DWSIM,CC-BY-NC,External Tutorial
